{
  "lr_run1": {
    "model_type": "logistic_regression",
    "run_id": 1,
    "test_metrics": {
      "accuracy": 0.6237314597970336,
      "precision": 0.23482032218091697,
      "recall": 0.6423728813559322,
      "f1": 0.3439201451905626,
      "roc_auc": 0.6696348090680311,
      "confusion_matrix": [
        [
          2018,
          1235
        ],
        [
          211,
          379
        ]
      ],
      "confusion_matrix_dict": {
        "TN": 2018,
        "FP": 1235,
        "FN": 211,
        "TP": 379
      }
    },
    "train_metrics": {
      "accuracy": 0.6894846434148881,
      "precision": 0.41200643201715204,
      "recall": 0.6089252706627938,
      "f1": 0.4914748508098891,
      "roc_auc": 0.7248802917337698,
      "confusion_matrix": [
        [
          8290,
          3291
        ],
        [
          1481,
          2306
        ]
      ],
      "confusion_matrix_dict": {
        "TN": 8290,
        "FP": 3291,
        "FN": 1481,
        "TP": 2306
      }
    },
    "training_time": 4.48611307144165,
    "experiment_log_path": "E:\\Flight-Delay-Prediction\\logs\\experiments\\run_20260210_165645_lr_default.json",
    "model_path": "E:\\Flight-Delay-Prediction\\models\\logistic_regression\\logistic_regression_model_20260210.joblib",
    "data_hash": "f223fc9b0ccb7909"
  },
  "lr_run2": {
    "model_type": "logistic_regression",
    "run_id": 2,
    "test_metrics": {
      "accuracy": 0.6237314597970336,
      "precision": 0.23482032218091697,
      "recall": 0.6423728813559322,
      "f1": 0.3439201451905626,
      "roc_auc": 0.6696348090680311,
      "confusion_matrix": [
        [
          2018,
          1235
        ],
        [
          211,
          379
        ]
      ],
      "confusion_matrix_dict": {
        "TN": 2018,
        "FP": 1235,
        "FN": 211,
        "TP": 379
      }
    },
    "train_metrics": {
      "accuracy": 0.6894846434148881,
      "precision": 0.41200643201715204,
      "recall": 0.6089252706627938,
      "f1": 0.4914748508098891,
      "roc_auc": 0.7248802917337698,
      "confusion_matrix": [
        [
          8290,
          3291
        ],
        [
          1481,
          2306
        ]
      ],
      "confusion_matrix_dict": {
        "TN": 8290,
        "FP": 3291,
        "FN": 1481,
        "TP": 2306
      }
    },
    "training_time": 2.6515069007873535,
    "experiment_log_path": "E:\\Flight-Delay-Prediction\\logs\\experiments\\run_20260210_165648_lr_default.json",
    "model_path": "E:\\Flight-Delay-Prediction\\models\\logistic_regression\\logistic_regression_model_20260210.joblib",
    "data_hash": "f223fc9b0ccb7909"
  },
  "lr_reproducibility": {
    "model_type": "logistic_regression",
    "timestamp": "2026-02-10T11:26:48.193889Z",
    "checks": {
      "data_hash": {
        "passed": true,
        "run1": "f223fc9b0ccb7909",
        "run2": "f223fc9b0ccb7909"
      },
      "metrics": {
        "passed": true,
        "max_difference": 0.0,
        "differences": {
          "accuracy": 0.0,
          "precision": 0.0,
          "recall": 0.0,
          "f1": 0.0
        }
      },
      "confusion_matrix": {
        "passed": true,
        "run1": [
          [
            2018,
            1235
          ],
          [
            211,
            379
          ]
        ],
        "run2": [
          [
            2018,
            1235
          ],
          [
            211,
            379
          ]
        ]
      },
      "training_time": {
        "passed": false,
        "run1": 4.48611307144165,
        "run2": 2.6515069007873535,
        "difference_pct": 40.895228039018875
      }
    },
    "reproducible": true
  },
  "rf_run1": {
    "model_type": "random_forest",
    "run_id": 1,
    "test_metrics": {
      "accuracy": 0.7285974499089253,
      "precision": 0.27596439169139464,
      "recall": 0.4728813559322034,
      "f1": 0.3485321673953779,
      "roc_auc": 0.678972213393634,
      "confusion_matrix": [
        [
          2521,
          732
        ],
        [
          311,
          279
        ]
      ],
      "confusion_matrix_dict": {
        "TN": 2521,
        "FP": 732,
        "FN": 311,
        "TP": 279
      }
    },
    "train_metrics": {
      "accuracy": 0.7519521082769391,
      "precision": 0.49775462547152866,
      "recall": 0.7317137575917613,
      "f1": 0.5924738079965789,
      "roc_auc": 0.828725523970987,
      "confusion_matrix": [
        [
          8785,
          2796
        ],
        [
          1016,
          2771
        ]
      ],
      "confusion_matrix_dict": {
        "TN": 8785,
        "FP": 2796,
        "FN": 1016,
        "TP": 2771
      }
    },
    "training_time": 0.6880619525909424,
    "experiment_log_path": "E:\\Flight-Delay-Prediction\\logs\\experiments\\run_20260210_165649_rf_default.json",
    "model_path": "E:\\Flight-Delay-Prediction\\models\\random_forest\\random_forest_model_20260210.joblib",
    "data_hash": "f223fc9b0ccb7909"
  },
  "rf_run2": {
    "model_type": "random_forest",
    "run_id": 2,
    "test_metrics": {
      "accuracy": 0.7285974499089253,
      "precision": 0.27596439169139464,
      "recall": 0.4728813559322034,
      "f1": 0.3485321673953779,
      "roc_auc": 0.678972213393634,
      "confusion_matrix": [
        [
          2521,
          732
        ],
        [
          311,
          279
        ]
      ],
      "confusion_matrix_dict": {
        "TN": 2521,
        "FP": 732,
        "FN": 311,
        "TP": 279
      }
    },
    "train_metrics": {
      "accuracy": 0.7519521082769391,
      "precision": 0.49775462547152866,
      "recall": 0.7317137575917613,
      "f1": 0.5924738079965789,
      "roc_auc": 0.828725523970987,
      "confusion_matrix": [
        [
          8785,
          2796
        ],
        [
          1016,
          2771
        ]
      ],
      "confusion_matrix_dict": {
        "TN": 8785,
        "FP": 2796,
        "FN": 1016,
        "TP": 2771
      }
    },
    "training_time": 0.6575005054473877,
    "experiment_log_path": "E:\\Flight-Delay-Prediction\\logs\\experiments\\run_20260210_165650_rf_default.json",
    "model_path": "E:\\Flight-Delay-Prediction\\models\\random_forest\\random_forest_model_20260210.joblib",
    "data_hash": "f223fc9b0ccb7909"
  },
  "rf_reproducibility": {
    "model_type": "random_forest",
    "timestamp": "2026-02-10T11:26:50.313906Z",
    "checks": {
      "data_hash": {
        "passed": true,
        "run1": "f223fc9b0ccb7909",
        "run2": "f223fc9b0ccb7909"
      },
      "metrics": {
        "passed": true,
        "max_difference": 0.0,
        "differences": {
          "accuracy": 0.0,
          "precision": 0.0,
          "recall": 0.0,
          "f1": 0.0
        }
      },
      "confusion_matrix": {
        "passed": true,
        "run1": [
          [
            2521,
            732
          ],
          [
            311,
            279
          ]
        ],
        "run2": [
          [
            2521,
            732
          ],
          [
            311,
            279
          ]
        ]
      },
      "training_time": {
        "passed": true,
        "run1": 0.6880619525909424,
        "run2": 0.6575005054473877,
        "difference_pct": 4.441670844968764
      }
    },
    "reproducible": true
  },
  "model_comparison": {
    "timestamp": "2026-02-10T11:26:50.313906Z",
    "models": {
      "logistic_regression": {
        "model_type": "logistic_regression",
        "run_id": 1,
        "test_metrics": {
          "accuracy": 0.6237314597970336,
          "precision": 0.23482032218091697,
          "recall": 0.6423728813559322,
          "f1": 0.3439201451905626,
          "roc_auc": 0.6696348090680311,
          "confusion_matrix": [
            [
              2018,
              1235
            ],
            [
              211,
              379
            ]
          ],
          "confusion_matrix_dict": {
            "TN": 2018,