{
  "lr_run1": {
    "model_type": "logistic_regression",
    "run_id": 1,
    "test_metrics": {
      "accuracy": 0.8391881342701015,
      "precision": 0.24074074074074073,
      "recall": 0.022033898305084745,
      "f1": 0.040372670807453416,
      "roc_auc": 0.6716652685656526,
      "confusion_matrix": [
        [
          3212,
          41
        ],
        [
          577,
          13
        ]
      ],
      "confusion_matrix_dict": {
        "TN": 3212,
        "FP": 41,
        "FN": 577,
        "TP": 13
      }
    },
    "train_metrics": {
      "accuracy": 0.7663326392503904,
      "precision": 0.5976095617529881,
      "recall": 0.15843675732770002,
      "f1": 0.25046963055729493,
      "roc_auc": 0.7250364346854695,
      "confusion_matrix": [
        [
          11177,
          404
        ],
        [
          3187,
          600
        ]
      ],
      "confusion_matrix_dict": {
        "TN": 11177,
        "FP": 404,
        "FN": 3187,
        "TP": 600
      }
    },
    "training_time": 4.555278539657593,
    "experiment_log_path": "E:\\Flight-Delay-Prediction\\logs\\experiments\\run_20260210_165247_lr_default.json",
    "model_path": "E:\\Flight-Delay-Prediction\\models\\logistic_regression\\logistic_regression_model_20260210.joblib",
    "data_hash": "f223fc9b0ccb7909"
  },
  "lr_run2": {
    "model_type": "logistic_regression",
    "run_id": 2,
    "test_metrics": {
      "accuracy": 0.8391881342701015,
      "precision": 0.24074074074074073,
      "recall": 0.022033898305084745,
      "f1": 0.040372670807453416,
      "roc_auc": 0.6716652685656526,
      "confusion_matrix": [
        [
          3212,
          41
        ],
        [
          577,
          13
        ]
      ],
      "confusion_matrix_dict": {
        "TN": 3212,
        "FP": 41,
        "FN": 577,
        "TP": 13
      }
    },
    "train_metrics": {
      "accuracy": 0.7663326392503904,
      "precision": 0.5976095617529881,
      "recall": 0.15843675732770002,
      "f1": 0.25046963055729493,
      "roc_auc": 0.7250364346854695,
      "confusion_matrix": [
        [
          11177,
          404
        ],
        [
          3187,
          600
        ]
      ],
      "confusion_matrix_dict": {
        "TN": 11177,
        "FP": 404,
        "FN": 3187,
        "TP": 600
      }
    },
    "training_time": 2.5000596046447754,
    "experiment_log_path": "E:\\Flight-Delay-Prediction\\logs\\experiments\\run_20260210_165249_lr_default.json",
    "model_path": "E:\\Flight-Delay-Prediction\\models\\logistic_regression\\logistic_regression_model_20260210.joblib",
    "data_hash": "f223fc9b0ccb7909"
  },
  "lr_reproducibility": {
    "model_type": "logistic_regression",
    "timestamp": "2026-02-10T11:22:49.940287Z",
    "checks": {
      "data_hash": {
        "passed": true,
        "run1": "f223fc9b0ccb7909",
        "run2": "f223fc9b0ccb7909"
      },
      "metrics": {
        "passed": true,
        "max_difference": 0.0,
        "differences": {
          "accuracy": 0.0,
          "precision": 0.0,
          "recall": 0.0,
          "f1": 0.0
        }
      },
      "confusion_matrix": {
        "passed": true,
        "run1": [
          [
            3212,
            41
          ],
          [
            577,
            13
          ]
        ],
        "run2": [
          [
            3212,
            41
          ],
          [
            577,
            13
          ]
        ]
      },
      "training_time": {
        "passed": false,
        "run1": 4.555278539657593,
        "run2": 2.5000596046447754,
        "difference_pct": 45.117305497795144
      }
    },
    "reproducible": true
  },
  "rf_run1": {
    "model_type": "random_forest",
    "run_id": 1,
    "test_metrics": {
      "accuracy": 0.8449128285193859,
      "precision": 0.4375,
      "recall": 0.03559322033898305,
      "f1": 0.0658307210031348,
      "roc_auc": 0.6845628806785913,
      "confusion_matrix": [
        [
          3226,
          27
        ],
        [
          569,
          21
        ]
      ],
      "confusion_matrix_dict": {
        "TN": 3226,
        "FP": 27,
        "FN": 569,
        "TP": 21
      }
    },
    "train_metrics": {
      "accuracy": 0.7990629880270692,
      "precision": 0.7789305666400639,
      "recall": 0.2577237919197254,
      "f1": 0.38730158730158726,
      "roc_auc": 0.8273311364026108,
      "confusion_matrix": [
        [
          11304,
          277
        ],
        [
          2811,
          976
        ]
      ],
      "confusion_matrix_dict": {
        "TN": 11304,
        "FP": 277,
        "FN": 2811,
        "TP": 976
      }
    },
    "training_time": 0.6439685821533203,
    "experiment_log_path": "E:\\Flight-Delay-Prediction\\logs\\experiments\\run_20260210_165250_rf_default.json",
    "model_path": "E:\\Flight-Delay-Prediction\\models\\random_forest\\random_forest_model_20260210.joblib",
    "data_hash": "f223fc9b0ccb7909"
  },
  "rf_run2": {
    "model_type": "random_forest",
    "run_id": 2,
    "test_metrics": {
      "accuracy": 0.8449128285193859,
      "precision": 0.4375,
      "recall": 0.03559322033898305,
      "f1": 0.0658307210031348,
      "roc_auc": 0.6845628806785913,
      "confusion_matrix": [
        [
          3226,
          27
        ],
        [
          569,
          21
        ]
      ],
      "confusion_matrix_dict": {
        "TN": 3226,
        "FP": 27,
        "FN": 569,
        "TP": 21
      }
    },
    "train_metrics": {
      "accuracy": 0.7990629880270692,
      "precision": 0.7789305666400639,
      "recall": 0.2577237919197254,
      "f1": 0.38730158730158726,
      "roc_auc": 0.8273311364026108,
      "confusion_matrix": [
        [
          11304,
          277
        ],
        [
          2811,
          976
        ]
      ],
      "confusion_matrix_dict": {
        "TN": 11304,
        "FP": 277,
        "FN": 2811,
        "TP": 976
      }
    },
    "training_time": 0.5942449569702148,
    "experiment_log_path": "E:\\Flight-Delay-Prediction\\logs\\experiments\\run_20260210_165251_rf_default.json",
    "model_path": "E:\\Flight-Delay-Prediction\\models\\random_forest\\random_forest_model_20260210.joblib",
    "data_hash": "f223fc9b0ccb7909"
  },
  "rf_reproducibility": {
    "model_type": "random_forest",
    "timestamp": "2026-02-10T11:22:51.958943Z",
    "checks": {
      "data_hash": {
        "passed": true,
        "run1": "f223fc9b0ccb7909",
        "run2": "f223fc9b0ccb7909"
      },
      "metrics": {
        "passed": true,
        "max_difference": 0.0,
        "differences": {
          "accuracy": 0.0,
          "precision": 0.0,
          "recall": 0.0,
          "f1": 0.0
        }
      },
      "confusion_matrix": {
        "passed": true,
        "run1": [
          [
            3226,
            27
          ],
          [
            569,
            21
          ]
        ],
        "run2": [
          [
            3226,
            27
          ],
          [
            569,
            21
          ]
        ]
      },
      "training_time": {
        "passed": true,
        "run1": 0.6439685821533203,
        "run2": 0.5942449569702148,
        "difference_pct": 7.721436504998149
      }
    },
    "reproducible": true
  },
  "model_comparison": {
    "timestamp": "2026-02-10T11:22:51.958943Z",
    "models": {
      "logistic_regression": {
        "model_type": "logistic_regression",
        "run_id": 1,
        "test_metrics": {
          "accuracy": 0.8391881342701015,
          "precision": 0.24074074074074073,
          "recall": 0.022033898305084745,
          "f1": 0.040372670807453416,
          "roc_auc": 0.6716652685656526,
          "confusion_matrix": [
            [
              3212,
              41
            ],
            [
              577,
              13
            ]
          ],
          "confusion_matrix_dict": {
            "TN": 3212,
            "FP": 41,
            "FN": 577,